{
	"class_name" : "PinholeCameraParameters",
	"extrinsic" : 
	[
		0.85466332089444008,
		-0.45671594199476701,
		0.24690313129954461,
		0.0,
		0.40206030852251878,
		0.8831066333135964,
		0.24180608451464211,
		0.0,
		-0.32847848670569668,
		-0.1073928420582948,
		0.93838620047727561,
		0.0,
		-5.3553020667528113,
		-1.8551120832537999,
		32.708937873503039,
		1.0
	],
	"intrinsic" : 
	{
		"height" : 700,
		"intrinsic_matrix" : 
		[
			606.21778264910711,
			0.0,
			0.0,
			0.0,
			606.21778264910711,
			0.0,
			499.5,
			349.5,
			1.0
		],
		"width" : 1000
	},
	"version_major" : 1,
	"version_minor" : 0
}