{
	"class_name" : "PinholeCameraParameters",
	"extrinsic" : 
	[
		0.21010662936668981,
		-0.92468057440538454,
		-0.31752328987571399,
		0.0,
		-0.74505703258224232,
		-0.36172545103111237,
		0.56039692743276348,
		0.0,
		-0.63304440799671557,
		0.11882985060020319,
		-0.76494068012521177,
		0.0,
		58.399740560613438,
		58.378808741814673,
		294.97537249001681,
		1.0
	],
	"intrinsic" : 
	{
		"height" : 749,
		"intrinsic_matrix" : 
		[
			648.65302743454458,
			0.0,
			0.0,
			0.0,
			648.65302743454458,
			0.0,
			684.5,
			374.0,
			1.0
		],
		"width" : 1370
	},
	"version_major" : 1,
	"version_minor" : 0
}