{
	"class_name" : "PinholeCameraParameters",
	"extrinsic" : 
	[
		-0.014364886441750501,
		0.97965840215140676,
		0.20015760073419248,
		0.0,
		-0.86132086261260143,
		-0.11379626888581526,
		0.49515329022026244,
		0.0,
		0.50785826926988187,
		-0.16528709653757012,
		0.84543489048677212,
		0.0,
		-3.1799038098131263,
		1.034928640127077,
		23.975554417084982,
		1.0
	],
	"intrinsic" : 
	{
		"height" : 749,
		"intrinsic_matrix" : 
		[
			648.65302743454458,
			0.0,
			0.0,
			0.0,
			648.65302743454458,
			0.0,
			368.0,
			374.0,
			1.0
		],
		"width" : 737
	},
	"version_major" : 1,
	"version_minor" : 0
}